<?xml version="1.0" encoding="UTF-8"?>
<!DOCTYPE configuration
  PUBLIC "-//mybatis.org//DTD Config 3.0//EN"
  "http://mybatis.org/dtd/mybatis-3-config.dtd">
 <configuration>
   
      <settings>
     
       <setting name="mapUnderscoreToCamelCase" value="true"></setting>
      </settings>
      <typeAliases>
         <package name="com.aixs.crud.bean"></package>
      </typeAliases>
      <plugins>
          <plugin interceptor="com.github.pagehelper.PageInterceptor">
          <!--分页参数合理化  -->
          <property name="reasonable" value="true"/>
          </plugin>
      </plugins>
</configuration>